,track_name,track_id,artist_name,artist_id,album_name,album_id,popularity,mood,time_range,danceability,energy,key,loudness,mode,speechiness,acousticness,instrumentalness,liveness,valence,tempo,type,duration_ms,time_signature,genres
0,My Ordinary Life,6tMdpUXfT70TD6Eh3XfB1p,The Living Tombstone,0I6yADrmeyvw66g7yjkqIF,My Ordinary Life,4AmFZET7RGujQAhG80kjwu,80,,short_term,0.648,0.827,9,-4.78,0,0.042,0.00533,0.338,0.217,0.598,176.005,audio_features,230895,4,['fnaf']
1,My Ordinary Life,6tMdpUXfT70TD6Eh3XfB1p,The Living Tombstone,0I6yADrmeyvw66g7yjkqIF,My Ordinary Life,4AmFZET7RGujQAhG80kjwu,80,,medium_term,0.648,0.827,9,-4.78,0,0.042,0.00533,0.338,0.217,0.598,176.005,audio_features,230895,4,['fnaf']
2,april,6nFf2vBzne2lG8TEDecEtJ,caaaaseyyyy,5H3d73o1RCWNsGE9SrT57c,april,3Et7sVGjEF2FIewwDtosOg,30,,short_term,0.562,0.501,4,-10.792,0,0.0254,0.756,0.464,0.0802,0.656,95.009,audio_features,223895,4,[]
3,april,6nFf2vBzne2lG8TEDecEtJ,caaaaseyyyy,5H3d73o1RCWNsGE9SrT57c,april,3Et7sVGjEF2FIewwDtosOg,30,,medium_term,0.562,0.501,4,-10.792,0,0.0254,0.756,0.464,0.0802,0.656,95.009,audio_features,223895,4,[]
4,We Not Humping - Remix,4ue41gFbAjoU0P1EberJWm,Monaleo,2sflbTtCirog5VxD6jPAfb,We Not Humping (Remix),1V9eCkZxExdad79zHEE6Dk,74,,short_term,0.971,0.851,11,-5.586,0,0.269,0.0344,0.0,0.092,0.81,120.008,audio_features,143325,4,['viral rap']
5,Touch It - Remix,2jKHgytB1FXdEpIeOqMPDd,DJ Niar,2rtPyiVUJL2wvJXTJL4nWx,Touch It (Remix),4akFwpg9t3xBPP52rv3lRl,50,,short_term,0.762,0.7,1,-8.803,1,0.119,0.00335,0.0179,0.335,0.0725,102.025,audio_features,143376,4,[]
6,sex money feelings die,0g4fzRkbLeCDUCoe5iUOcf,Lykke Li,6oBm8HB0yfrIc9IHbxs6in,so sad so sexy,28AjCPTvrM4gQIiwo0CEOE,73,,short_term,0.789,0.534,8,-6.347,0,0.0709,0.323,3.42e-06,0.0645,0.631,134.055,audio_features,139840,4,"['art pop', 'electropop', 'pop', 'swedish electropop', 'swedish indie pop', 'swedish pop']"
7,sex money feelings die,0g4fzRkbLeCDUCoe5iUOcf,Lykke Li,6oBm8HB0yfrIc9IHbxs6in,so sad so sexy,28AjCPTvrM4gQIiwo0CEOE,73,,medium_term,0.789,0.534,8,-6.347,0,0.0709,0.323,3.42e-06,0.0645,0.631,134.055,audio_features,139840,4,"['art pop', 'electropop', 'pop', 'swedish electropop', 'swedish indie pop', 'swedish pop']"
8,Voyage,5MAv6SRndm43W5Xk3hHWCs,MUNYA,0JnhdXEQfVjoY1OgwTExwO,Voyage to Mars,68SvNn3ZiomWkxVeeBANvP,43,,short_term,0.675,0.505,6,-12.682,1,0.0378,0.427,0.62,0.152,0.866,110.009,audio_features,186545,4,['bedroom pop']
9,If I Don't Go to Hell (feat. Jus Allah),5lTRCOD1e4L0CscxEGrbGh,Janice,7brFfvWxw1spVbrHerRnEW,If I Don't Go to Hell (feat. Jus Allah),5Ym9XkH2dtodbsoqfT02nE,49,,short_term,0.751,0.466,8,-5.735,1,0.0884,0.07,0.504,0.466,0.416,171.791,audio_features,123530,4,[]
10,Calling My Phone,3J8EOeKLTLXORtWPpOU5bE,Lil Tjay,6jGMq4yGs7aQzuGsMgVgZR,Destined 2 Win,3MEKpJ7wSSp6Z661ThjrUJ,82,,short_term,0.907,0.393,4,-7.636,0,0.0539,0.451,1.35e-06,0.135,0.202,104.949,audio_features,205458,4,"['brooklyn drill', 'melodic rap', 'nyc rap']"
11,Run It Up (feat. Offset & Moneybagg Yo),1dg3qy5DjoJodawfOCgrTP,Lil Tjay,6jGMq4yGs7aQzuGsMgVgZR,Destined 2 Win,3MEKpJ7wSSp6Z661ThjrUJ,79,,short_term,0.88,0.575,6,-6.091,1,0.163,0.415,0.0,0.109,0.671,120.031,audio_features,232048,4,"['brooklyn drill', 'melodic rap', 'nyc rap']"
12,Run It Up (feat. Offset & Moneybagg Yo),1dg3qy5DjoJodawfOCgrTP,Lil Tjay,6jGMq4yGs7aQzuGsMgVgZR,Destined 2 Win,3MEKpJ7wSSp6Z661ThjrUJ,79,,medium_term,0.88,0.575,6,-6.091,1,0.163,0.415,0.0,0.109,0.671,120.031,audio_features,232048,4,"['brooklyn drill', 'melodic rap', 'nyc rap']"
13,Superstar Sh*t,20j7l6tFtc5lynXpbOQg1O,Dominic Fike,6USv9qhCn6zfxlBQIYJ9qs,What Could Possibly Go Wrong,1BubKJqf6Uc4fNae5kLJJ7,68,,short_term,0.756,0.394,4,-7.321,0,0.0956,0.945,0.0371,0.12,0.197,70.027,audio_features,127055,4,"['alternative pop rock', 'pop']"
14,1 4 2,69Tf2qK9sYOi1ncnXrfIUV,Inner Wave,6AQEfqGPSxZX0nJVonYxi6,Sun Transmission,627M0Ogm5Br8wiOdSwvQ16,60,,medium_term,0.701,0.692,0,-7.527,1,0.0374,0.179,0.0101,0.0994,0.56,114.987,audio_features,305467,4,"['indie garage rock', 'neo-psychedelic']"
15,1 4 2,69Tf2qK9sYOi1ncnXrfIUV,Inner Wave,6AQEfqGPSxZX0nJVonYxi6,Sun Transmission,627M0Ogm5Br8wiOdSwvQ16,60,,long_term,0.701,0.692,0,-7.527,1,0.0374,0.179,0.0101,0.0994,0.56,114.987,audio_features,305467,4,"['indie garage rock', 'neo-psychedelic']"
16,巫堵,6CxQsBfTmhx0RsoJoV8hH7,deca joins,5wbF4yfjaOjTSkrnucKA77,浴室,1zKJy6TIHEz3YM78riefV9,39,,medium_term,0.516,0.502,4,-6.82,1,0.0358,0.46,0.000101,0.0858,0.448,74.919,audio_features,210115,4,"['chinese indie', 'taiwan indie']"
17,海浪,5EpLeWSwqOG0mZW0R4WdKQ,deca joins,5wbF4yfjaOjTSkrnucKA77,Go Slow,3dsjH0D0Co0X7oii3a7FO8,48,,medium_term,0.44,0.444,2,-11.134,1,0.0315,0.0297,0.218,0.123,0.427,115.01,audio_features,322333,4,"['chinese indie', 'taiwan indie']"
18,Cola,6LrNqp69g8ngQ0Oem7DGWK,Lana Del Rey,00FQb4jTyendYWaN8pK0wa,Born To Die - The Paradise Edition,5PW8nAtvf2HV8RYZFd4IrX,53,,medium_term,0.298,0.668,1,-5.536,0,0.0478,0.0699,2.44e-05,0.59,0.121,110.063,audio_features,260894,4,"['art pop', 'pop']"
19,88,3pcYjyRdht54V2RnPZ0QeY,Inner Wave,6AQEfqGPSxZX0nJVonYxi6,Sun Transmission,627M0Ogm5Br8wiOdSwvQ16,43,,medium_term,0.658,0.63,4,-6.89,0,0.0322,0.0947,0.417,0.133,0.652,117.038,audio_features,233747,4,"['indie garage rock', 'neo-psychedelic']"
20,夜間獨白,1IcV5BAKb4OeR4zuenTgeP,deca joins,5wbF4yfjaOjTSkrnucKA77,Go Slow,3dsjH0D0Co0X7oii3a7FO8,42,,medium_term,0.585,0.47,7,-10.726,1,0.0277,0.484,0.163,0.121,0.384,110.073,audio_features,248360,4,"['chinese indie', 'taiwan indie']"
21,Krigsgaldr,5P9qFmIiMqE6r2UfwVIdIZ,Heilung,7sTKZr30LqC928DZ5P9mNQ,Ofnir,6vohdbsWGcqbqiAimhGj6N,54,,medium_term,0.624,0.597,0,-10.542,1,0.049,0.0992,0.778,0.108,0.084,119.964,audio_features,538320,4,"['dark folk', 'medieval folk', 'rune folk', 'viking folk']"
22,"Sex, Drugs, Etc.",04wODYKrbLNe7LTOaOPX3i,Beach Weather,7I3bkknknQkIiatWiupQgD,Chit Chat,6ygLpSyAvRSKGZw1LZkxOX,72,,medium_term,0.574,0.839,4,-5.083,0,0.0377,0.0131,0.0101,0.524,0.469,143.973,audio_features,196784,4,[]
23,"Sex, Drugs, Etc.",04wODYKrbLNe7LTOaOPX3i,Beach Weather,7I3bkknknQkIiatWiupQgD,Chit Chat,6ygLpSyAvRSKGZw1LZkxOX,72,,long_term,0.574,0.839,4,-5.083,0,0.0377,0.0131,0.0101,0.524,0.469,143.973,audio_features,196784,4,[]
24,山雀,6sO7V8oZQ2ExSCWG2oD3ZT,万能青年旅店,4ntvojSPscU3PxselAEeY2,冀西南林路行,6ValxpcsrkQP2ugCU2Kxwy,41,,medium_term,0.669,0.42,9,-11.336,0,0.0283,0.584,0.473,0.453,0.547,122.002,audio_features,198033,4,"['chinese indie', 'chinese indie rock']"
25,bloodsucker,7qhPBop6SH3fx3GBhLGGJM,Flowars,4A5DfoGlyN07pEAXbiEET0,bloodsucker,4M3qkUmq4BDvaBaYzrUM9O,49,,medium_term,0.562,0.763,10,-5.567,0,0.067,0.184,0.0,0.306,0.316,125.966,audio_features,261478,4,['emo rap']
26,梵高先生,47jNRjNAnYY9nUbIMD0Zxi,李志,1fqb04dI9vaEcGDbIVrcib,梵高先生,2hPKvbG6OwdyCyN0oh6FWZ,39,,medium_term,0.64,0.412,8,-8.675,0,0.0268,0.395,0.207,0.333,0.327,76.037,audio_features,249747,4,"['chinese indie', 'chinese minyao']"
27,Norupo,7oGwKNBX90dXL53ZbhPxJk,Heilung,7sTKZr30LqC928DZ5P9mNQ,Futha,0Y3KXRybNYK9in1yukmuBo,54,,medium_term,0.377,0.402,5,-8.564,1,0.0295,0.536,0.786,0.117,0.0415,159.819,audio_features,257972,4,"['dark folk', 'medieval folk', 'rune folk', 'viking folk']"
28,Juliet,45ROR8UMn60YEVQnDy0uVF,Cavetown,2hR4h1Cao2ueuI7Cx9c7V8,Animal Kingdom,40MJoESOQ4BDr5Y6jY7cFa,79,,medium_term,0.546,0.586,6,-8.488,1,0.0313,0.00346,0.00114,0.0562,0.364,131.778,audio_features,278991,4,"['bedroom pop', 'indie pop']"
29,Wishful Thinking,06Xh1KvQofFghlSt33mFjc,BENEE,0Cp8WN4V8Tu4QJQwCN5Md4,FIRE ON MARZZ,6pTMhQX8gt1xegiIwo3Ekb,63,,medium_term,0.644,0.661,4,-6.161,1,0.0332,0.144,1.54e-06,0.177,0.55,82.022,audio_features,213373,4,"['alt z', 'nz pop', 'pop']"
30,Best Lover,0iWFz0Q5Qha9bx325ocFWq,88rising,1AhjOkOLkbHUfcHDSErXQs,Head In The Clouds Forever,0LxjjZ20pPOakBSYwrmbjv,70,,medium_term,0.74,0.663,7,-5.393,1,0.272,0.268,0.0,0.121,0.519,82.004,audio_features,152911,4,['asian american hip hop']
31,Can I Call You Tonight?,64lsIF5pw0sJY0gV5kz0RN,Dayglow,6eJa3zG1QZLRB3xgRuyxbm,Fuzzybrain,5PFzbdbZRNaoGLCHFPnmv3,82,,medium_term,0.641,0.842,9,-7.27,1,0.0292,0.132,0.91,0.419,0.5,129.98,audio_features,278769,4,"['austindie', 'indie pop', 'modern rock']"
32,Ode To The Mets,1BLOVHYYlH4JUHQGcpt75R,The Strokes,0epOFNiUfyON9EYx7Tpr6V,The New Abnormal,2xkZV2Hl1Omi8rk2D7t5lN,67,,long_term,0.426,0.617,1,-5.423,0,0.0289,0.341,0.181,0.101,0.201,92.002,audio_features,351787,4,"['alternative rock', 'garage rock', 'modern rock', 'permanent wave', 'rock']"
33,Streets,60ynsPSSKe6O3sfwRnIBRf,Doja Cat,5cj0lLjcoR7YOSnhnX0Po5,Hot Pink,1MmVkhiwTH0BkNOU3nw5d3,84,,long_term,0.749,0.463,11,-8.433,1,0.0842,0.21,0.0382,0.338,0.189,90.035,audio_features,226987,4,"['dance pop', 'pop']"
34,Amor de Siempre,6VZg3YsN5kKBwz39fPcIM1,Cuco,2Tglaf8nvDzwSQnpSrjLHP,wannabewithu,6dpQfnFTwIXPJ864jeldWW,68,,long_term,0.565,0.642,0,-7.21,1,0.05,0.615,0.358,0.138,0.539,122.989,audio_features,321951,4,"['bedroom pop', 'dream pop']"
35,505,58ge6dfP91o9oXMzq3XkIS,Arctic Monkeys,7Ln80lUS6He07XvHI8qqHH,Favourite Worst Nightmare (Standard Version),6rsQnwaoJHxXJRCDBPkBRw,82,,long_term,0.52,0.852,0,-5.866,1,0.0543,0.00237,5.79e-05,0.0733,0.234,140.267,audio_features,253587,4,"['garage rock', 'permanent wave', 'rock', 'sheffield indie']"
36,Cigarette Ahegao,6UYJYgY8VRo6mKrhgTe1CF,Penelope Scott,3u6lPufHw4Oww6D88rv6sB,Public Void,0G2RxSCixG5Nl6jpjwiw2g,48,,long_term,0.651,0.286,5,-13.399,0,0.0365,0.095,0.0234,0.101,0.165,83.007,audio_features,183992,4,"['alt z', 'indie pop', 'modern indie pop']"
37,Apocalypse,3AVrVz5rK8Hrqo9YGiVGN5,Cigarettes After Sex,1QAJqy2dA3ihHBFIHRphZj,Cigarettes After Sex,5bP82ZIls6rzhpf5Qu6AzC,80,,long_term,0.369,0.467,5,-9.018,1,0.0274,0.0194,0.46,0.109,0.174,94.473,audio_features,290147,4,"['ambient pop', 'dream pop', 'el paso indie', 'shoegaze']"
38,Lover Is a Day,76tGvMdmFKuiMew33ZNNA9,Cuco,2Tglaf8nvDzwSQnpSrjLHP,wannabewithu,6dpQfnFTwIXPJ864jeldWW,75,,long_term,0.406,0.647,3,-10.453,1,0.0413,0.0427,0.193,0.1,0.344,180.044,audio_features,456000,4,"['bedroom pop', 'dream pop']"
39,Get Into It (Yuh),0W6I02J9xcqK8MtSeosEXb,Doja Cat,5cj0lLjcoR7YOSnhnX0Po5,Planet Her,1nAQbHeOWTfQzbOoFrvndW,84,,long_term,0.912,0.655,8,-6.029,0,0.162,0.315,3.39e-05,0.0894,0.793,91.942,audio_features,138293,4,"['dance pop', 'pop']"
40,Why Are Sundays So Depressing,1aOxOpH4AkGAd8OMrKjyNY,The Strokes,0epOFNiUfyON9EYx7Tpr6V,The New Abnormal,2xkZV2Hl1Omi8rk2D7t5lN,67,,long_term,0.579,0.714,0,-4.455,1,0.0347,0.00258,0.0269,0.111,0.299,109.971,audio_features,275667,4,"['alternative rock', 'garage rock', 'modern rock', 'permanent wave', 'rock']"
41,Beautiful Faces,7LvyCItkVB6Bx8pPuzSRZA,Declan McKenna,2D4FOOOtWycb3Aw9nY5n3c,Zeros,18hrkvndprWjt9olhQlRcH,43,,long_term,0.502,0.9,0,-1.516,1,0.0419,0.0166,2.79e-06,0.225,0.705,98.92,audio_features,196773,4,"['indie pop', 'modern alternative rock', 'modern rock', 'rock']"
42,Space Ghost Coast To Coast,0RZLmpEzGR2NHite6rvS5H,Glass Animals,4yvcSjfu4PC0CYQyLy4wSq,Dreamland,5bfpRtBW7RNRdsm3tRyl3R,62,,long_term,0.903,0.529,8,-9.901,1,0.0623,0.105,0.00255,0.138,0.353,100.977,audio_features,187384,4,"['gauze pop', 'indietronica', 'shiver pop']"
43,爛泥,7DbVKoQHjJfqw0j8Aia0Bj,No Party For Cao Dong,3HXSUfI76zVZk71UMAeVfp,醜奴兒,4tfZSMFLsN0q2IULNLAJ40,50,,long_term,0.708,0.734,11,-8.619,0,0.0951,0.0401,0.000327,0.124,0.425,114.952,audio_features,149507,4,"['chinese indie', 'mandopop', 'taiwan indie', 'taiwan pop', 'taiwan punk']"
44,SugarCrash!,2ePtv8MlBO9nuuXABqAfEX,ElyOtto,4b19vuzlDcNdU4quI7L6sW,SugarCrash!,064pDjy5L2sQn0XLJj2wWx,76,,long_term,0.748,0.734,0,-6.499,1,0.124,0.524,1.15e-05,0.0975,0.368,97.753,audio_features,80081,4,"['hyperpop', 'weirdcore']"
45,Lo Que Siento,3oyf4dalm17kzTE8LJDbgR,Cuco,2Tglaf8nvDzwSQnpSrjLHP,Lo Que Siento,04rhYQT6GJgWQQuRE6FfEW,75,,long_term,0.326,0.685,10,-5.576,1,0.179,0.503,0.0,0.427,0.409,86.882,audio_features,312000,5,"['bedroom pop', 'dream pop']"
46,Lazy Susan (with Rich Brian feat. Warren Hue & Masiwei,6teBCH8XT3igUdKHWuWuPY,21 Savage,1URnnhqYAYcrqrcwql10ft,Lazy Susan (with Rich Brian feat. Warren Hue & Masiwei,4MwVmezo1ds4kili6ExbOh,3,,long_term,0.762,0.822,2,-5.619,1,0.309,0.0433,0.0,0.107,0.619,155.964,audio_features,279139,4,"['atl hip hop', 'rap', 'trap']"
47,edamame (feat. Rich Brian),1uMHCAyGmHqyygoNRuo7MV,bbno$,41X1TR6hrK8Q2ZCpp2EqCz,edamame (feat. Rich Brian),1YrACh9xDRGpjrkdWz4MfP,79,,long_term,0.815,0.848,4,-4.704,0,0.115,0.023,0.000162,0.0265,0.684,106.032,audio_features,133707,4,"['canadian hip hop', 'dark trap', 'vapor trap']"
48,Rattle That Lock,6IYLjqSKQ4ma8FwlZd9LLI,David Gilmour,2FcC4sDMXme2ziI7tGKMK8,Rattle That Lock (Deluxe),1gquhHnaFnshQuJGnHRpF9,50,,long_term,0.71,0.62,0,-11.62,0,0.0422,0.325,0.0,0.165,0.786,120.069,audio_features,295573,4,"['album rock', 'art rock', 'blues rock', 'classic rock', 'progressive rock', 'rock', 'symphonic rock']"
49,In-A-Gadda-Da-Vida - 2006 Remaster Full-Length,1exUq8aG2OMbSeZeTwz06k,Iron Butterfly,3cdvlbCYf4WoBdy89RWkNS,In-A-Gadda-Da-Vida,4L1Qw49gKwFuQwQovBxsKI,52,,long_term,0.548,0.452,0,-11.612,1,0.0343,0.00577,0.375,0.192,0.5,120.127,audio_features,1024133,4,"['acid rock', 'blues rock', 'classic rock', 'folk rock', 'hard rock', 'proto-metal', 'psychedelic rock', 'symphonic rock']"
50,Winter's Ballad,6ttnYIAkE2qLFnrfudnBZQ,Cuco,2Tglaf8nvDzwSQnpSrjLHP,Songs4u,2qNtWJtvAT9fZ77NntmnLi,52,,long_term,0.28,0.274,1,-9.909,1,0.0295,0.925,0.13,0.111,0.0594,138.913,audio_features,277122,4,"['bedroom pop', 'dream pop']"
51,Toes,754wVXWrtf1X3ZHQOFFsnR,Glass Animals,4yvcSjfu4PC0CYQyLy4wSq,ZABA,14IOe7ahxQPTwUYUQX3IFi,59,,long_term,0.639,0.347,1,-12.322,0,0.0421,0.406,0.000268,0.215,0.247,72.978,audio_features,254640,4,"['gauze pop', 'indietronica', 'shiver pop']"
52,The Moss,7l8gHk3b9AwjC7gRhOqtP4,Cosmo Sheldrake,6hV6oxGLeLFw17DGjIPkYD,The Moss,4vS1qz11W9HQ61YAKAwggh,57,,long_term,0.619,0.51,1,-5.549,0,0.0305,0.687,0.0,0.137,0.441,127.966,audio_features,242567,4,['uk pop']
53,Dreams - 2004 Remaster,0ofHAoxe9vBkTCp2UQIavz,Fleetwood Mac,08GQAI4eElDnROBrJRGE0X,Rumours (Super Deluxe),0BwWUstDMUbgq2NYONRqlu,84,,long_term,0.828,0.492,0,-9.744,1,0.0276,0.0644,0.00428,0.128,0.789,120.151,audio_features,257800,4,"['album rock', 'classic rock', 'mellow gold', 'rock', 'soft rock', 'yacht rock']"
54,Cold Cold Cold,1Q3t9fWvHUXKsMmpD2XpUu,Cage The Elephant,26T3LtbuGT1Fu9m0eRq5X3,Tell Me I'm Pretty,0nW0w37lrQ87k7PLZvC4qJ,69,,long_term,0.549,0.789,5,-6.071,1,0.0313,0.0178,6.7e-05,0.059,0.715,136.125,audio_features,214387,4,"['modern alternative rock', 'modern rock', 'punk blues', 'rock']"
55,Mama's Gun,5o4znEHwozOHIgHoWAllnr,Glass Animals,4yvcSjfu4PC0CYQyLy4wSq,How To Be A Human Being,6qb9MDR0lfsN9a2pw77uJy,58,,long_term,0.46,0.314,6,-10.158,0,0.0267,0.699,4.03e-06,0.122,0.216,90.014,audio_features,266747,4,"['gauze pop', 'indietronica', 'shiver pop']"
56,Thot Shit,5zNW5ARjYhJQJz1AChP33n,Megan Thee Stallion,181bsRPaVXVlUKXrxwZfHK,Thot Shit,7gEGuvkVs79hY4tG7OYnzx,74,,long_term,0.95,0.693,9,-3.424,1,0.0898,0.0133,0.0,0.173,0.891,130.02,audio_features,184635,4,"['dance pop', 'houston rap', 'pop', 'trap queen']"
57,RIP Roach,658I1uDnmLSiltFCf98AWE,XXXTENTACION,15UsOTVnJzReFVN1VCnxy4,Revenge,3vpXJ54S3MXLyzysw8qq7c,77,,long_term,0.727,0.62,8,-6.443,1,0.306,0.398,0.0,0.0926,0.555,105.003,audio_features,169979,4,"['emo rap', 'miami hip hop']"
58,Kiss Me More (feat. SZA),748mdHapucXQri7IAO8yFK,Doja Cat,5cj0lLjcoR7YOSnhnX0Po5,Kiss Me More (feat. SZA),1OnzqJTL9bwe4kvaLxRYxt,84,,long_term,0.762,0.701,8,-3.541,1,0.0286,0.235,0.000158,0.123,0.742,110.968,audio_features,208867,4,"['dance pop', 'pop']"
59,Cool with You,5wv2XK6ms7KBBVDD1cOwlx,Her's,77mJc3M7ZT5oOVM7gNdXim,Songs of Her's,03gwRG5IvkStFnjPmgjElw,63,,long_term,0.534,0.62,0,-6.775,1,0.0504,0.0124,0.000736,0.296,0.547,106.986,audio_features,375656,4,"['indie pop', 'liverpool indie']"
60,Blood In The Cut,4q604hQba5940BbOoaenmz,K.Flay,0pCNk4D3E2xtszsm6hMsWr,Every Where Is Some Where,5ddpf5pxYjw9ob4DjPLuiz,61,,long_term,0.77,0.655,2,-5.369,1,0.0316,0.118,0.0234,0.125,0.639,129.964,audio_features,188707,4,"['electropop', 'escape room', 'hip pop', 'modern rock', 'pop', 'rock']"
61,Rhiannon,05oETzWbd4SI33qK2gbJfR,Fleetwood Mac,08GQAI4eElDnROBrJRGE0X,Fleetwood Mac,5VIQ3VaAoRKOEpJ0fewdvo,72,,long_term,0.723,0.49,9,-14.745,0,0.0296,0.111,0.0946,0.0923,0.795,129.012,audio_features,252773,4,"['album rock', 'classic rock', 'mellow gold', 'rock', 'soft rock', 'yacht rock']"
62,There Is a Light That Never Goes Out - 2011 Remaster,0WQiDwKJclirSYG9v5tayI,The Smiths,3yY2gUcIsjMr8hjo51PoJ8,The Queen Is Dead,5Y0p2XCgRRIjna91aQE8q7,76,,long_term,0.523,0.769,4,-5.855,1,0.0269,0.04,0.0,0.136,0.876,136.162,audio_features,244587,4,"['madchester', 'new wave', 'permanent wave', 'rock', 'uk post-punk']"
63,Heat Waves,02MWAaffLxlfxAUY7c5dvx,Glass Animals,4yvcSjfu4PC0CYQyLy4wSq,Dreamland (+ Bonus Levels),0KTj6k94XZh0c6IEMfxeWV,91,,long_term,0.761,0.525,11,-6.9,1,0.0944,0.44,6.7e-06,0.0921,0.531,80.87,audio_features,238805,4,"['gauze pop', 'indietronica', 'shiver pop']"
64,Poseidon's Creation,6jQNrWP4jOZuubkl9FB0NA,Eloy,00ZLLJ51l9Ir5gyaGSUYxL,Ocean (Remastered 2019),055oBGhGjcZixkBREWdav2,39,,long_term,0.164,0.594,0,-11.36,1,0.0352,0.00228,0.398,0.136,0.198,82.122,audio_features,701960,4,"['art rock', 'german prog', 'german rock', 'krautrock', 'neo-progressive', 'progressive rock', 'space rock', 'symphonic rock']"
65,Rät,25z6kpmIwkCUqk2IORrJ5v,Penelope Scott,3u6lPufHw4Oww6D88rv6sB,Public Void,0G2RxSCixG5Nl6jpjwiw2g,57,,long_term,0.591,0.45,5,-13.291,0,0.26,0.312,0.000116,0.147,0.304,144.201,audio_features,194165,4,"['alt z', 'indie pop', 'modern indie pop']"
66,Oh Klahoma,6SZwj6cjc8JQbkrr8cbIUn,Jack Stauber,1vVHevk2PD45epYnDi9CCc,Pop Food,1RHa1VdX6lsLbeedgsV1cb,71,,long_term,0.697,0.401,7,-10.216,1,0.0543,0.43,0.0109,0.316,0.478,108.996,audio_features,185224,4,['pittsburgh indie']
67,Sweet Dreams (Are Made Of This),0Xq7FPQaLJgIHSB605YUMy,Marilyn Manson,2VYQTNDsvvKN9wmU5W7xpj,Lest We Forget - The Best Of,7fmOTYDQn9DIXCy1YDrl4S,50,,long_term,0.218,0.576,8,-6.938,1,0.0387,0.0044,0.647,0.184,0.14,185.987,audio_features,291440,4,"['alternative metal', 'industrial', 'industrial metal', 'industrial rock', 'nu metal']"
68,The Other Side Of Paradise,0rRjGruFonCGOt0S5zAJNQ,Glass Animals,4yvcSjfu4PC0CYQyLy4wSq,How To Be A Human Being,6qb9MDR0lfsN9a2pw77uJy,74,,long_term,0.689,0.338,11,-7.634,0,0.0629,0.349,5.7e-05,0.0649,0.568,128.012,audio_features,320654,4,"['gauze pop', 'indietronica', 'shiver pop']"
69,Woozy,3JMWvCKcINTWbtbSTGS1SW,Glass Animals,4yvcSjfu4PC0CYQyLy4wSq,Glass Animals,4M7zRurOW6q7pQxjMcPqwU,48,,long_term,0.472,0.716,11,-11.015,1,0.0849,0.00694,0.0,0.138,0.283,74.977,audio_features,215238,4,"['gauze pop', 'indietronica', 'shiver pop']"
70,Renee,5MeUMSRreLHYLhw8ZTyqpk,SALES,6vVztIuqdDHvYWxOEXCzjN,Renee,4qR0co1PeeQSsqHF9xTeGn,66,,long_term,0.924,0.386,9,-8.183,1,0.0548,0.755,0.00253,0.118,0.424,108.957,audio_features,179125,4,['orlando indie']
71,Welcome To Japan,7bfocP7GYoLOutUYpTI8tx,The Strokes,0epOFNiUfyON9EYx7Tpr6V,Comedown Machine,4WnkQO4xD9ljQooB3VIxCV,62,,long_term,0.705,0.666,2,-7.23,0,0.0303,0.00233,0.0149,0.174,0.646,124.032,audio_features,230827,4,"['alternative rock', 'garage rock', 'modern rock', 'permanent wave', 'rock']"
72,Under Pressure,1mSClObliRtgPVT399COQH,Queen,1dfeR4HaWDbWqFHLkxsg1d,Hot Space,0fZCqpTHYq2k89uG6pPTYE,60,,long_term,0.659,0.545,2,-12.768,1,0.0514,0.394,0.0,0.0859,0.406,113.458,audio_features,245507,4,"['classic rock', 'glam rock', 'rock']"
73,"WHATS POPPIN (feat. DaBaby, Tory Lanez & Lil Wayne) - Remix",2MbdDtCv5LUVjYy9RuGTgC,Jack Harlow,2LIk90788K0zvyj2JJVwkJ,"WHATS POPPIN (feat. DaBaby, Tory Lanez & Lil Wayne) [Remix]",36jrqYRpGVpJqztuqCii22,77,,long_term,0.904,0.723,11,-5.224,0,0.26,0.0631,0.0,0.185,0.835,145.013,audio_features,227478,4,"['deep underground hip hop', 'kentucky hip hop', 'rap']"
74,The Adults Are Talking,5ruzrDWcT0vuJIOMW7gMnW,The Strokes,0epOFNiUfyON9EYx7Tpr6V,The New Abnormal,2xkZV2Hl1Omi8rk2D7t5lN,79,,long_term,0.593,0.749,5,-5.67,1,0.0475,0.0113,0.106,0.314,0.649,164.959,audio_features,309053,4,"['alternative rock', 'garage rock', 'modern rock', 'permanent wave', 'rock']"
75,K.,7LX4aXtvImhdgUHQBlo8Kp,Cigarettes After Sex,1QAJqy2dA3ihHBFIHRphZj,Cigarettes After Sex,5bP82ZIls6rzhpf5Qu6AzC,75,,long_term,0.454,0.404,3,-10.26,1,0.027,0.146,0.819,0.141,0.313,94.113,audio_features,319560,4,"['ambient pop', 'dream pop', 'el paso indie', 'shoegaze']"
76,Where Is My Mind? - Remastered,7wCmS9TTVUcIhRalDYFgPy,Pixies,6zvul52xwTWzilBZl6BUbT,Surfer Rosa,50j4Wm1b9hLpSpPIA39Vp9,77,,long_term,0.519,0.441,4,-14.178,1,0.0353,0.0204,0.000453,0.076,0.25,81.334,audio_features,234973,4,"['alternative rock', 'boston rock', 'modern rock', 'permanent wave', 'rock']"
77,Space Song,7H0ya83CMmgFcOhw0UB6ow,Beach House,56ZTgzPBDge0OvCGgMO3OY,Depression Cherry,194CqC2Zi0kUFEPWedb3qr,80,,long_term,0.508,0.792,0,-7.311,0,0.0297,0.229,0.124,0.145,0.601,147.067,audio_features,320467,4,"['baltimore indie', 'dream pop', 'dreamo', 'modern dream pop']"
78,Lady in Black,1JNKvlKsFw4SbPpXQTvxzS,Uriah Heep,45O9BwPMyywM755SYUK0sP,Celebration (Bonus Track Edition),0HXZvdfMo9H5m4nebXugsT,34,,long_term,0.547,0.698,7,-7.686,1,0.0384,0.218,0.000132,0.211,0.574,87.467,audio_features,330600,4,"['album rock', 'art rock', 'blues rock', 'classic rock', 'hard rock', 'metal', 'progressive rock', 'psychedelic rock', 'rock', 'symphonic rock']"
79,spy?,0QsZ3W21xNvnUnUMbiAY4z,WHOKILLEDXIX,0RSogp4qeGu0ZM71JRTay3,19,0jQjCFXUVRUrwUN7ACw0h8,69,,long_term,0.87,0.565,11,-5.356,0,0.0581,0.0631,0.0579,0.104,0.646,100.041,audio_features,153922,4,"['glitchcore', 'hyperpop', 'viral rap']"
